{
  "items": [
    { "name": "T-Shirt", "category": "Clothing", "price": 350 },
    { "name": "Hat", "category": "Accessories", "price": 250 },
    { "name": "Belt", "category": "Accessories", "price": 230 }
  ],
  "discounts": {
    "coupon": {
      "type": "fixed",
      "amount": 50
    },
    "onTop": {
      "type": "category",
      "category": "Accessories",
      "percentage": 10
    },
    "seasonal": {
      "every": 300,
      "discount": 40
    },
    "points": 68
  }
}
